<?xml version="1.0" encoding="UTF-8"?>
<project-private xmlns="http://www.netbeans.org/ns/project-private/1">
    <editor-bookmarks xmlns="http://www.netbeans.org/ns/editor-bookmarks/2" lastBookmarkId="0"/>
    <open-files xmlns="http://www.netbeans.org/ns/projectui-open-files/2">
        <group>
            <file>file:/C:/book/jsf2demo/src/java/jsf2demo/GuessNumberJSFBean.java</file>
            <file>file:/C:/book/jsf2demo/web/CurrentTime.xhtml</file>
            <file>file:/C:/book/jsf2demo/web/index.xhtml</file>
            <file>file:/C:/book/jsf2demo/src/java/jsf2demo/AddressRegistrationJSFBean.java</file>
            <file>file:/C:/book/jsf2demo/web/AddressRegistration.xhtml</file>
            <file>file:/C:/book/jsf2demo/web/Calculator.xhtml</file>
            <file>file:/C:/book/jsf2demo/web/DisplayStudent.xhtml</file>
            <file>file:/C:/book/jsf2demo/web/GuessNumber.xhtml</file>
            <file>file:/C:/book/jsf2demo/web/resources/tablestyle.css</file>
            <file>file:/C:/book/jsf2demo/src/java/jsf2demo/TimeBean.java</file>
            <file>file:/C:/book/jsf2demo/web/ProcessStudentRegistrationForm.xhtml</file>
            <file>file:/C:/book/jsf2demo/web/ConfirmAddress.xhtml</file>
            <file>file:/C:/book/jsf2demo/src/java/jsf2demo/ValidateFormJSFBean.java</file>
            <file>file:/C:/book/jsf2demo/src/java/jsf2demo/RegistrationJSFBean.java</file>
            <file>file:/C:/book/jsf2demo/web/StudentRegistrationForm.xhtml</file>
            <file>file:/C:/book/jsf2demo/web/ValidateForm.xhtml</file>
            <file>file:/C:/book/jsf2demo/src/java/jsf2demo/CalculatorJSFBean.java</file>
            <file>file:/C:/book/jsf2demo/src/java/jsf2demo/CourseNameJSFBean.java</file>
            <file>file:/C:/book/jsf2demo/web/AddressStoredStatus.xhtml</file>
        </group>
    </open-files>
</project-private>
